nome,sobrenome,cep,natureza,documento
Kevin,Carneiro,75729-287,1,00000000000
Oleg,Moura,66314-704,1,00000000000
Brooke,Moura,50618-396,1,00000000000
Reuben,Moraes,82865-411,1,00000000000
Howard,de Morais,15920-982,1,00000000000
Alec,Das Chagas,89142-421,1,00000000000
Dylan,de Azevedo,91217-678,2,00000000000
Jacqueline,Caetano,22131-738,1,00000000000
Jamal,Mendes,53141-135,2,00000000000
Brooke,Lima,24430-322,2,00000000000
Maisie,Martins,45276-164,2,00000000000
Cadman,Teodoro,46161-329,1,00000000000
Ethan,Marinho,68732-218,2,00000000000
Ingrid,Rodrigues,30676441,2,00000000000
Erica,do Nascimento,47265-632,1,00000000000
Octavius,Melo,74766-610,2,00000000000
Zahir,Carvalho,75705-613,2,00000000000
Brianna,Cruz,17545-959,2,00000000000
Justine,de Brito,65148-989,1,00000000000
Shaine,Vasconcelos,58424-646,1,00000000000
Ciaran,Galdino,67526-905,2,00000000000
Colton,Pires,68714-471,2,00000000000
Wayne,da Rosa,44836-727,2,00000000000
Andrew,Araujo,22381-882,1,00000000000
Lillith,Amaral,17446-306,2,00000000000
Solomon,da Rocha,13013-351,1,00000000000
Herrod,Diniz,15162-186,2,00000000000
Lacy,Silveira,61711-214,1,00000000000
Marsden,Ferraz,65313-519,1,00000000000
Ulysses,Correia,65246-892,1,00000000000
Chastity,Sales,31686011,2,00000000000
Rigel,de Carvalho,86216-155,2,00000000000
Jaden,de Moraes,26571-388,1,00000000000
Keith,Borges,61477-873,1,00000000000
Myra,dos Anjos,35544150,2,00000000000
Jennifer,Magalhaes,37381733,2,00000000000
Lavinia,Barreto,19011-254,1,00000000000
Garrison,Bento,89138-147,1,00000000000
Shana,Pacheco,26671-827,2,00000000000
Jennifer,de Jesus,66388-556,1,00000000000
Martin,Soares,66657-446,1,00000000000
Christen,Nogueira,46187-736,1,00000000000
Flavia,Guimaraes,54645-310,2,00000000000
Adena,Freitas,30744857,2,00000000000
Maisie,Sántos,75733-477,2,00000000000
Giselle,Cruz,83115-708,2,00000000000
Hannah,Torres,63573-724,1,00000000000
Elijah,Ferreira,58835-162,1,00000000000
Camilla,Torres,58882-912,1,00000000000
Vera,de Araujo,65721-059,1,00000000000
Lamar,Brandao,17037-134,2,00000000000
Ocean,Siqueira,26634-123,2,00000000000
Zephania,Das Dores,31336479,1,00000000000
Philip,Furtado,32169482,1,00000000000
Faith,Soares,66425-723,2,00000000000
Karina,Muniz,98797-177,2,00000000000
Nyssa,de Azevedo,83488-159,1,00000000000
Berk,Das Chagas,41817-119,1,00000000000
Karen,Barreto,43281-217,2,00000000000
Randall,de Lourdes,66195-531,2,00000000000
Damon,Reis,82197-685,1,00000000000
Brittany,Das Dores,75751-651,1,00000000000
Rylee,da Rosa,93453-617,2,00000000000
Naomi,Menezes,61771-663,2,00000000000
Garth,dos Reis,63735-767,1,00000000000
Drew,Sousa,58963-608,2,00000000000
Dawn,Carvalho,11256-860,1,00000000000
Stuart,Vaz,88027-828,2,00000000000
Ferdinand,Coelho,84344-442,2,00000000000
Emmanuel,Paiva,89932-757,1,00000000000
Mannix,Maia,61033-808,1,00000000000
Fay,dos Anjos,91360-210,1,00000000000
Kameko,Diniz,91252-029,1,00000000000
Maggy,da Rosa,32786384,1,00000000000
Davis,Coutinho,61651-947,2,00000000000
Colby,Ramos,38960851,2,00000000000
Dolan,Brandao,62501-758,2,00000000000
Gil,Moura,82926-469,2,00000000000
Colin,Leite,88732-461,2,00000000000
Talon,Viana,58221-694,2,00000000000
Zachary,Amorim,89421-553,2,00000000000
Omar,Freire,45048-852,1,00000000000
Zahir,Morais,58176-626,2,00000000000
Keely,Lemos,65466-163,2,00000000000
Stacy,Bezerra,65155-564,2,00000000000
Ann,Ferreira,58292-473,1,00000000000
Azalia,Mendonca,21141-383,1,00000000000
Timon,Matias,98113-469,2,00000000000
Kadeem,Medeiros,30607791,2,00000000000
Eve,Silva,58222-003,1,00000000000
Indira,da Silveira,25579-146,2,00000000000
Nero,Nunes,17224-577,1,00000000000
Shaeleigh,Cunha,55428-515,1,00000000000
Madonna,Matias,58238-361,1,00000000000
Winter,Cunha,89817-226,1,00000000000
Sonia,Campos,93385-186,2,00000000000
Julian,Felix,43848-786,2,00000000000
Cody,Lopes,68322-531,2,00000000000
Sybil,Das Gracas,98157-577,1,00000000000
Russell,Peixoto,65006-730,2,00000000000
Price,Aparecido,92744-432,1,00000000000
Declan,de Moraes,35194281,2,00000000000
Amena,Coelho,24650-908,2,00000000000
Zelda,Inacio,58396-187,1,00000000000
Harding,Bastos,42433-711,1,00000000000
Ina,Pinheiro,51296-403,1,00000000000
Porter,Cavalcante,37262184,1,00000000000
Owen,Cunha,63343-523,1,00000000000
Nolan,Cordeiro,51161-445,1,00000000000
Jermaine,de Barros,75714-872,2,00000000000
Buffy,Castro,58334-616,1,00000000000
Wyatt,Paulino,75788-303,1,00000000000
Kay,Almeida,43531-572,2,00000000000
Jason,Cardoso,53410-635,1,00000000000
Guinevere,Antunes,66133-552,1,00000000000
Haviva,Moura,82332-733,2,00000000000
Irene,Sales,17775-685,1,00000000000
Charles,Freitas,54300-828,1,00000000000
Regina,de Oliveira,24362-482,1,00000000000
Flavia,Araujo,27177-494,2,00000000000
Austin,Miranda,26906-788,1,00000000000
Emily,Siqueira,60271-185,1,00000000000
Jameson,Alves,43018-781,1,00000000000
Sebastian,Pacheco,47703-416,2,00000000000
Bruce,Aparecido,30315452,2,00000000000
Ethan,Peixoto,55214-647,1,00000000000
Walter,Oliveira,58337-736,1,00000000000
Vera,Teixeira,95056-536,1,00000000000
John,Lopes,51050-346,2,00000000000
Abraham,Henrique,81787-324,1,00000000000
Xyla,Costa,54866-312,2,00000000000
Hope,de Barros,12423-651,1,00000000000
Nigel,Matos,63233-185,1,00000000000
Neil,Araujo,30753833,1,00000000000
Brenna,dos Santos,24535-232,2,00000000000
Pandora,Vieira,45877-384,2,00000000000
Ross,Matias,44188-906,2,00000000000
Coby,Morais,89743-784,2,00000000000
Felicia,Teles,74717-711,2,00000000000
Leo,Das Dores,92916-358,1,00000000000
Gannon,Brandao,92859-987,2,00000000000
Vance,da Rocha,86501-446,2,00000000000
Denton,de Moraes,87473-322,1,00000000000
Tatyana,Magalhaes,74721-758,1,00000000000
Zephania,Barros,66071-837,2,00000000000
Irma,Pinto,48115-932,2,00000000000
Andrew,de Sousa,47781-179,1,00000000000
Xanthus,dos Reis,61601-761,1,00000000000
Avye,Franca,24862-846,2,00000000000
Leilani,Monteiro,39355366,1,00000000000
Connor,Sousa,75741-594,2,00000000000
Fatima,Moura,25072-191,1,00000000000
Hector,Soares,16874-592,1,00000000000
Georgia,da Costa,67647-725,2,00000000000
Beverly,de Abreu,60247-553,2,00000000000
Zia,da Silveira,11590-114,2,00000000000
Wade,Cardoso,58935-024,1,00000000000
Kane,Moreira,30553572,2,00000000000
Pamela,Xavier,74782-174,1,00000000000
Sylvester,Bueno,32252268,2,00000000000
Kimberly,de Carvalho,58447-446,1,00000000000
Carson,Amaral,81619-793,1,00000000000
Kibo,da Silveira,36515314,1,00000000000
Darryl,Gomes,68831-496,2,00000000000
Brooke,Correa,54042-401,1,00000000000
George,Felix,96606-224,2,00000000000
Jarrod,Domingos,53043-799,1,00000000000
Nyssa,Batista,21821-364,1,00000000000
Jonas,Figueiredo,88675-717,1,00000000000
Nyssa,Miranda,81655-803,1,00000000000
Imelda,Macedo,12191-832,2,00000000000
Kelly,Galdino,13577-721,2,00000000000
Veda,Cardoso,62874-778,1,00000000000
Kyle,Almeida,16622-359,2,00000000000
Rudyard,Monteiro,66461-896,2,00000000000
Sigourney,da Rocha,54184-911,1,00000000000
Olympia,Nunes,27854-784,1,00000000000
Nasim,Morais,60870-806,2,00000000000
Gwendolyn,de Moraes,58725-967,2,00000000000
Jarrod,Santos,83837-924,2,00000000000
Lael,Simoes,99101-671,2,00000000000
Christian,Carneiro,66788-568,1,00000000000
Pamela,Mariano,74764-466,1,00000000000
Merrill,Moraes,53562-871,1,00000000000
Alisa,Dias,55756-186,2,00000000000
Dacey,de Lima,86508-957,2,00000000000
Rafael,Moreira,81148-448,1,00000000000
Harrison,de Abreu,63405-997,2,00000000000
Amir,do Carmo,62281-538,1,00000000000
Rashad,de Moura,88315-548,1,00000000000
Lewis,de Carvalho,58088-530,1,00000000000
Ina,de Morais,58461-152,1,00000000000
Sasha,Barboza,41297-052,2,00000000000
Janna,Guedes,15510-887,2,00000000000
Ignacia,Pinto,62771-780,2,00000000000
Merrill,Torres,18797-294,1,00000000000
Jasmine,Coutinho,11468-871,1,00000000000
Mechelle,Sampaio,66795-225,2,00000000000
Macon,Franca,76779-102,1,00000000000
Sierra,Correa,65208-424,1,00000000000
Lester,de Matos,65106-418,1,00000000000
Allegra,de Araujo,20417-724,1,00000000000
Piper,de Araujo,47167-991,2,00000000000
Blake,Dantas,62527-866,1,00000000000
Nelle,Diniz,75714-483,1,00000000000
Maya,Nogueira,58444-743,1,00000000000
Lara,de Andrade,73775-206,2,00000000000
Lewis,Aparecido,89685-953,1,00000000000
Veronica,Macedo,15944-224,1,00000000000
Arthur,Viana,50706-704,1,00000000000
Lev,Peixoto,61131-284,2,00000000000
Yetta,Abreu,75723-368,2,00000000000
Ulric,do Nascimento,67348-438,2,00000000000
Zelenia,Aparecido,44485-429,1,00000000000
Zia,da Conceiçao,54188-127,2,00000000000
Carolyn,Santiago,46432-614,2,00000000000
Uta,Cabral,46032-373,2,00000000000
Jamalia,da Cruz,31565783,2,00000000000
Darius,Lemos,14132-511,2,00000000000
Sophia,Melo,60857-353,2,00000000000
Perry,Siqueira,84341-467,2,00000000000
Kaseem,dos Santos,58567-318,1,00000000000
Erasmus,Carneiro,27714-763,1,00000000000
Chiquita,Chaves,55241-251,2,00000000000
Barry,de Melo,39003162,1,00000000000
Russell,Andrade,67712-753,2,00000000000
Destiny,Domingos,92681-567,1,00000000000
Anthony,da Cruz,98524-161,2,00000000000
Karyn,Diniz,46878-286,2,00000000000
Vernon,Oliveira,66565-464,2,00000000000
Ainsley,da Cunha,65517-271,2,00000000000
Abraham,Farias,16182-738,2,00000000000
Hector,Correa,86245-582,2,00000000000
Melinda,da Luz,88101-943,2,00000000000
Tanisha,Aguiar,81371-226,2,00000000000
Odysseus,Campos,52441-692,2,00000000000
Moses,Almeida,87836-146,2,00000000000
Elvis,Souza,95864-009,2,00000000000
Macon,Cardoso,82812-164,2,00000000000
Ignatius,Pereira,58484-570,1,00000000000
Britanney,Sousa,88297-711,1,00000000000
Dane,Dias,66681-686,2,00000000000
Malcolm,Mariano,23601-105,1,00000000000
Rama,Dutra,52677-523,2,00000000000
Calvin,Campos,47243-671,1,00000000000
David,Mariano,85278-438,1,00000000000
Veda,Reis,62660-698,2,00000000000
Lael,da Cunha,65584-851,1,00000000000
Rachel,de Jesus,84828-158,1,00000000000
Cally,Bispo,66548-224,1,00000000000
Fritz,Cunha,65293-782,2,00000000000
Harrison,Menezes,93289-061,2,00000000000
Eve,Ribeiro,88676-827,1,00000000000
Thane,Morais,37787645,2,00000000000
Gregory,Macedo,30644153,2,00000000000
Neil,Nascimento,89581-072,1,00000000000
Fiona,de Carvalho,18538-365,1,00000000000
Mallory,Barboza,43165-814,1,00000000000
Alea,Correia,24005-042,2,00000000000
Madeson,de Souza,58409-588,1,00000000000
Jackson,Carvalho,53665-263,1,00000000000
Kay,de Castro,62477-888,1,00000000000
Quin,Peixoto,58737-301,2,00000000000
Charles,Domingos,62701-496,1,00000000000
Ruth,Santiago,53663-478,1,00000000000
Dieter,Marinho,62446-312,1,00000000000
Ignacia,Bastos,17213-603,1,00000000000
Upton,de Paula,47336-095,1,00000000000
Isaac,Domingos,52566-789,1,00000000000
Damian,Andrade,14473-330,2,00000000000
Indira,Silveira,35264902,2,00000000000
Charissa,Bento,28746-165,1,00000000000
Ivan,da Cruz,65167-995,2,00000000000
Mia,Freire,58762-178,2,00000000000
Hasad,Franco,55612-059,2,00000000000
Thaddeus,Candido,61651-454,2,00000000000
Phillip,Barros,58277-701,1,00000000000
Cameron,Araujo,58411-396,2,00000000000
Duncan,Campos,88755-442,1,00000000000
Ebony,Das Chagas,33417239,2,00000000000
Dominique,Soares,66268-574,2,00000000000
Medge,Aguiar,65237-131,1,00000000000
Reagan,Monteiro,68241-473,2,00000000000
Eliana,Gonçalves,33386313,2,00000000000
Geoffrey,Matias,85125-389,1,00000000000
Bruno,da Cruz,65232-395,1,00000000000
Cathleen,Simoes,62104-622,1,00000000000
Dara,Farias,58029-513,2,00000000000
Russell,Andrade,47106-147,2,00000000000
Natalie,Custodio,42124-077,1,00000000000
Noah,Braz,20137-787,2,00000000000
Yardley,de Jesus,95030-130,1,00000000000
Beverly,Barreto,88953-935,2,00000000000
Ann,Leal,86026-723,1,00000000000
Wing,da Luz,81525-585,2,00000000000
Upton,Silveira,25530-175,2,00000000000
Julian,Firmino,89956-519,2,00000000000
Wyatt,Bispo,47491-444,2,00000000000
Justin,Torres,35470723,2,00000000000
Amanda,Martins,61115-918,1,00000000000
Ria,Abreu,58445-989,2,00000000000
Addison,Gonzaga,12946-186,2,00000000000
Rhona,Viana,54604-017,2,00000000000
Levi,Queiroz,44372-322,2,00000000000
Shaine,de Melo,44879-772,2,00000000000
Hyacinth,Moreira,18967-294,2,00000000000
Sara,Rosa,89048-578,2,00000000000
Jade,Santana,62320-279,2,00000000000
Aladdin,Castro,60394-614,1,00000000000
Sarah,Abreu,37688887,1,00000000000
Blaze,de Jesus,54548-633,2,00000000000
Magee,Mendes,80232-649,1,00000000000
Coby,Figueiredo,20904-643,2,00000000000
Talon,Machado,54159-300,1,00000000000
Acton,Mendonca,67403-881,1,00000000000
Regina,de Almeida,41539-686,2,00000000000
Kylie,Guimaraes,84249-846,1,00000000000
Adara,Aguiar,58398-625,1,00000000000
Finn,Pereira,56761-614,1,00000000000
Hedley,de Sousa,92398-335,1,00000000000
Urielle,Gonçalves,75718-275,1,00000000000
Gay,da Cruz,66313-416,2,00000000000
Alika,Das Neves,16773-120,1,00000000000
Adele,Santana,36420334,2,00000000000
Chester,de Abreu,74782-317,2,00000000000
Mechelle,Amaral,58345-675,2,00000000000
Dieter,Mariano,67412-582,1,00000000000
Jillian,de Freitas,93007-245,1,00000000000
Rudyard,Tavares,16317-673,2,00000000000
Arthur,Chaves,30932236,2,00000000000
Reuben,Gonçalves,24160-534,1,00000000000
Jada,de Castro,11718-628,2,00000000000
Deirdre,Maciel,67433-581,1,00000000000
Maisie,Alves,76775-162,1,00000000000
Jordan,Teodoro,14856-176,1,00000000000
Karly,Costa,99540-151,1,00000000000
George,Evangelista,35250624,1,00000000000
Karly,Figueiredo,84346-854,2,00000000000
Debra,Alves,34625882,1,00000000000
Tobias,Cavalcante,32654161,1,00000000000
Levi,Marinho,61513-548,1,00000000000
Declan,Reis,23528-520,1,00000000000
Sopoline,do Carmo,67563-645,1,00000000000
Neve,Barros,84552-225,1,00000000000
Quemby,Sousa,67336-656,1,00000000000
Lois,Coutinho,65715-884,2,00000000000
Yasir,Bastos,54984-513,2,00000000000
Audrey,de Oliveira,24675-725,1,00000000000
Elijah,de Fatima,52103-268,1,00000000000
Yeo,Silva,67289-495,2,00000000000
Daniel,Candido,16060-608,1,00000000000
Cassady,Teixeira,18312-458,1,00000000000
Lance,Coelho,62051-685,2,00000000000
Noble,Lima,32888713,2,00000000000
Garrison,Torres,67591-165,2,00000000000
Joelle,Cunha,94507-509,1,00000000000
Portia,Silva,88202-116,1,00000000000
James,Melo,67702-161,1,00000000000
Nina,de Oliveira,58123-187,2,00000000000
Owen,Chagas,46282-896,2,00000000000
Rhiannon,Guedes,83788-684,1,00000000000
Mariam,Leal,26813-641,2,00000000000
Sebastian,Bueno,75706-317,1,00000000000
Alisa,Matias,51219-625,1,00000000000
Alan,da Conceiçao,62927-255,2,00000000000
Dillon,Duarte,36891172,2,00000000000
Zachery,de Moura,44916-404,2,00000000000
Malachi,Aparecido,25496-731,1,00000000000
Coby,da Rocha,86865-433,2,00000000000
Kelly,de Matos,67030-141,1,00000000000
India,Viana,68186-613,2,00000000000
Addison,Almeida,80455-088,1,00000000000
Cassady,Teixeira,58227-828,1,00000000000
Cooper,Evangelista,13012-445,1,00000000000
Anika,Fernandes,14935-826,1,00000000000
Samantha,de Jesus,67422-332,1,00000000000
Jaime,Duarte,17651-578,1,00000000000
Timon,Chagas,84187-265,2,00000000000
Alexa,Gomes,66422-401,2,00000000000
Aline,da Cruz,52170-841,1,00000000000
Justina,da Silveira,65615-959,2,00000000000
Clio,Muniz,92473-539,2,00000000000
Grady,de Moraes,65504-043,1,00000000000
Travis,de Castro,63612-292,1,00000000000
Marshall,Araujo,58569-722,2,00000000000
Edward,Aguiar,44337-548,2,00000000000
Barclay,Pires,65741-425,1,00000000000
Tanek,de Campos,73715-348,2,00000000000
Caesar,Pinto,58773-511,2,00000000000
Rogan,Amaral,88841-834,1,00000000000
Ray,Souza,42178-906,2,00000000000
Jessica,Freire,58935-858,2,00000000000
Axel,Cabral,61327-376,1,00000000000
Kessie,da Costa,13725-285,2,00000000000
Bo,Barreto,88384-811,2,00000000000
Ryder,Fagundes,73732-444,1,00000000000
Hadassah,Das Gracas,93117-664,1,00000000000
Nash,Sales,65199-232,2,00000000000
Jared,Das Neves,65672-677,2,00000000000
Haley,Caetano,58461-884,2,00000000000
Ray,Marques,23132-482,2,00000000000
Avye,Andrade,67675-025,2,00000000000
Jerome,Sousa,33476365,1,00000000000
Drake,Dantas,88023-448,2,00000000000
Nita,de Barros,31175529,2,00000000000
Ramona,Cunha,99961-552,2,00000000000
Moses,Machado,12368-314,1,00000000000
Alec,Andrade,83644-190,2,00000000000
Alexandra,de Azevedo,86786-336,2,00000000000
Hasad,Borges,14403-441,2,00000000000
Ezekiel,Mota,99453-855,1,00000000000
Ferdinand,Pinto,44784-198,1,00000000000
Kevin,Siqueira,96897-483,2,00000000000
Tad,Maia,65317-894,2,00000000000
Marcia,Maciel,22763-248,2,00000000000
Guy,Guimaraes,65931-508,2,00000000000
Nash,Santana,28451-249,2,00000000000
Keane,Diniz,62571-577,1,00000000000
Ahmed,de Sousa,36335611,2,00000000000
Amal,da Costa,17851-247,2,00000000000
Erasmus,Bastos,88751-051,2,00000000000
Lois,Bispo,61991-550,2,00000000000
Hedley,Gomes,12350-573,1,00000000000
Joelle,Barreto,39464427,2,00000000000
Hedy,Das Neves,67542-515,1,00000000000
Willa,de Campos,38565797,2,00000000000
Fay,Dias,15368-888,1,00000000000
Solomon,Machado,44414-759,1,00000000000
Montana,Dutra,67118-458,1,00000000000
Haley,Rodrigues,86122-547,2,00000000000
Brynne,de Matos,33514654,1,00000000000
Hayfa,da Luz,41368-112,2,00000000000
Vladimir,de Andrade,82019-788,2,00000000000
Mohammad,Das Chagas,65881-072,1,00000000000
Ima,Cabral,58448-357,2,00000000000
Tanner,Paiva,58671-622,2,00000000000
Megan,Castro,65268-611,1,00000000000
Adara,Bueno,63577-716,2,00000000000
Micah,Cardoso,65415-115,1,00000000000
Marsden,Santos,75720-398,1,00000000000
Celeste,Alves,88242-822,1,00000000000
Ian,Fagundes,65274-894,2,00000000000
Leilani,Franco,66175-223,2,00000000000
Amos,Guimaraes,51870-341,1,00000000000
Denton,de Barros,58258-653,1,00000000000
Elliott,Rodrigues,89772-527,2,00000000000
Edward,Braga,41826-434,1,00000000000
Charity,Maia,61465-737,2,00000000000
Samson,Araujo,62806-312,2,00000000000
Hop,Messias,82603-091,1,00000000000
Maggie,Lima,18219-124,2,00000000000
Hammett,dos Anjos,65708-884,2,00000000000
Kenyon,Rosa,66491-488,1,00000000000
Germaine,Cabral,98568-617,1,00000000000
Cara,Caetano,58737-523,1,00000000000
Linus,da Rosa,28767-393,1,00000000000
Cyrus,Chagas,31187188,2,00000000000
Kenneth,Bispo,41344-137,2,00000000000
Rudyard,Nunes,65631-158,1,00000000000
Leila,Magalhaes,75761-311,2,00000000000
Claire,Dutra,67213-752,1,00000000000
Clinton,da Conceiçao,65082-192,1,00000000000
Caesar,de Fatima,66518-418,2,00000000000
Bree,de Azevedo,98766-272,2,00000000000
Carla,Lemos,52272-653,2,00000000000
Dane,de Paula,74725-231,1,00000000000
Otto,Galdino,43474-589,2,00000000000
Mariam,Leite,24868-292,1,00000000000
Bradley,Costa,51480-154,1,00000000000
Amena,Souza,21758-187,2,00000000000
Adrian,Vaz,84391-329,2,00000000000
Carly,Tavares,43015-375,1,00000000000
Keane,Messias,74754-133,1,00000000000
Mufutau,de Paula,30620401,1,00000000000
Cole,Fagundes,16372-982,2,00000000000
Amanda,Abreu,89354-243,1,00000000000
Charissa,de Barros,92533-411,1,00000000000
Jermaine,Correia,58462-768,2,00000000000
Noble,Sántos,42516-703,1,00000000000
Melinda,de Oliveira,58231-189,2,00000000000
Lyle,Ferraz,15323-867,1,00000000000
Tatiana,Rodrigues,51125-829,1,00000000000
Lois,Maia,58081-766,2,00000000000
Simon,de Matos,65404-011,1,00000000000
Caryn,Batista,15500-964,2,00000000000
Yasir,Sales,88295-843,2,00000000000
Bell,Campos,22662-221,1,00000000000
Blythe,Felix,55459-897,2,00000000000
Penelope,de Assis,65493-935,1,00000000000
Nora,Rezende,55331-945,1,00000000000
Ralph,de Oliveira,13937-180,1,00000000000
Fletcher,Guedes,65367-177,2,00000000000
Germaine,Gonçalves,55588-619,2,00000000000
Thor,Santana,37557069,1,00000000000
Allistair,Das Dores,58328-350,1,00000000000
Hermione,Fernandes,25917-511,2,00000000000
Yen,Campos,51631-167,2,00000000000
Kylan,Borges,21288-680,2,00000000000
Mechelle,de Assis,89331-153,2,00000000000
Rhea,Figueiredo,67068-984,2,00000000000
