nome;sobrenome;cep;natureza;documento
Basia;de Moura;88607-133;2;14839182268
Tashya;de Fatima;19685-781;2;8127124306
Juliet;Muniz;93815-591;1;31745444454
Nerea;Souza;27154-828;2;25005318208
Isabelle;Queiroz;88828-325;1;45475714652
Bruno;Silva;76775-745;1;61392534598
Amelia;Souza;55112-673;1;52646563067
Iris;Guedes;35881721;1;95544857553
Rajah;Carvalho;88423-442;2;34541743198
Hall;Queiroz;58933-258;1;71661573358
Ingrid;Paiva;86667-468;1;53494260195
Malcolm;Maia;61534-152;1;84338645767
Amaya;Silva;67275-818;1;82463928642
Dexter;Souza;65859-377;1;81761574124
Bruno;Sales;88125-529;2;51631495424
Adria;Feitosa;65918-754;1;47611588744
Sara;Maciel;67672-657;2;35728212658
Gannon;Maciel;88163-260;1;21424391511
Lamar;Guedes;88387-034;1;45142767042
Flavia;de Andrade;21322-746;1;63118326647
Vincent;Dutra;15127-361;1;73306467435
Simon;de Moura;80513-805;2;57831123667
Tiger;Azevedo;60861-507;2;67511048529
Aladdin;Aguiar;96881-577;2;48158397696
Beck;de Brito;58310-034;1;84439621576
Jeremy;do Carmo;26270-350;2;20480604644
Dexter;de Jesus;61817-675;2;62330871835
Hammett;de Paula;42554-247;2;51734824662
Hollee;Mendes;60044-787;1;66733158893
Maris;Leite;75777-756;2;66507622117
Chelsea;Macedo;95588-389;1;45145733340
Tanek;Matos;18846-710;2;20138198466
Maya;Ribeiro;98286-416;2;48322177321
Brittany;de Barros;31117159;1;87143203152
Aaron;Henrique;67017-817;1;22598134637
Ryder;Trindade;88946-178;1;69117192026
Malachi;Duarte;61166-331;2;28415568953
Gay;Correia;38580985;2;65114405413
Hashim;Franca;52881-617;2;38501827585
Scott;de Paula;32643372;2;15386579463
Mara;Chagas;68622-035;1;30746285636
Stuart;Paiva;93961-544;2;20785768373
Yvonne;da Cunha;55709-547;1;38891825223
Isaac;Brito;88633-524;1;25702495291
Beau;Paulino;58407-218;2;85915363263
Maggy;da Cruz;58214-992;1;85572884667
Florence;da Cunha;61875-953;2;94426770651
Grady;Diniz;15126-386;1;64026186506
Kyle;Franca;26433-426;1;38202813553
Fiona;Domingos;89577-572;1;67185543537
Martina;Teixeira;65784-532;2;26154954218
Alvin;Firmino;46173-551;1;87162868342
Jane;Dantas;80186-859;1;66266685286
Malcolm;da Rosa;80188-171;1;21963982533
Amal;Garcia;88483-720;1;23142603603
Laura;Chaves;15416-266;1;64886042241
Garth;de Abreu;67221-318;1;1116134345
Halla;Guedes;85067-618;1;8685166591
Kamal;Bispo;65179-543;1;31262217415
Walter;da Rosa;65386-847;2;63764285246
Austin;Medeiros;43133-284;2;61251318814
Cruz;Viana;21874-385;2;64574040515
Frances;Chagas;58686-543;2;96812560635
Zena;Nogueira;80333-241;1;62855812645
Whitney;Batista;74717-067;2;39802716630
Amena;de Andrade;73715-533;1;84170221372
Ivor;Vieira;86216-175;2;53917933428
Carla;de Matos;95732-726;2;53400074415
Jarrod;Ramos;56621-387;2;86312561327
Cameron;Fernandes;67505-789;1;44776483975
Clio;Simoes;75737-313;1;63607667105
Gannon;de Campos;58546-842;2;14695935141
Louis;da Luz;65364-774;2;8211554099
Elaine;Coelho;88367-131;2;66112014971
Jaden;Cavalcante;89123-233;2;72346943501
Gil;Brito;34843146;1;73737483617
Cassidy;de Carvalho;67658-343;1;56214589011
Ashton;Camargo;65763-654;2;76924513121
Malcolm;Rodrigues;34038393;2;16212394612
Belle;de Moraes;67636-527;1;31118472735
Mallory;Azevedo;61414-522;2;12768875811
Mia;Carvalho;39125386;1;33541975661
Abbot;de Assis;58391-325;2;45140563770
Brittany;Coutinho;65652-885;1;2791632773
Dara;Rosa;93584-214;2;71836326476
Fletcher;Aparecido;55341-169;1;52476067239
Vladimir;Aparecido;65098-746;2;82742294235
Phelan;Neves;22742-552;2;48761570368
Lewis;Correa;67221-339;1;80652181860
Francis;Reis;43283-326;2;83352786070
Edan;Pinto;68824-674;1;12971503887
Demetria;Duarte;20883-876;2;64546938978
Maggie;Inacio;33340523;2;88432276748
Amelia;de Carvalho;56673-149;1;84347255563
Constance;Antunes;63420-814;2;13367713542
Chloe;Carneiro;61067-076;2;46739878872
Laura;Aguiar;11625-172;1;47833707227
Julian;de Araujo;35017168;1;15120825546
Callum;Moreira;58879-474;2;21636153217
Sydney;Duarte;45286-227;1;12361148534
Timothy;Mota;39163047;2;45663222845
Aphrodite;de Brito;14235-605;2;94454870422
Serena;Medeiros;83543-537;2;38373473664
Nash;Feitosa;58857-767;2;4622725611
Sybil;Domingues;74744-513;2;72589844975
Kadeem;Mendes;65648-377;2;90466864471
Sean;Nonato;61261-385;2;17752261831
Germane;Leite;86178-826;2;53859631548
Kimberley;de Souza;13947-867;1;78918653634
Sophia;de Carvalho;56555-162;1;78323485507
Sopoline;Moura;75754-035;2;93855118753
Lisandra;Castro;68428-658;1;62372323068
Ivan;Freire;17898-518;2;93656556058
Sawyer;Bueno;58582-452;2;13443167516
Elton;da Rosa;58474-503;2;56551986735
Jaquelyn;da Silveira;44122-932;2;27168057322
Yuri;Coutinho;65756-231;1;24766998085
Russell;Franco;96824-085;1;32342817535
Steel;Candido;56356-358;2;90632844753
Whoopi;Reis;89338-764;1;39992555162
Bo;Franco;75787-813;2;65740564445
James;Gonçalves;54188-751;1;77689802637
Mufutau;Carvalho;89685-378;2;36485783217
Uriel;Cabral;65896-117;2;52476382222
Claire;Franco;58376-027;2;16846302315
Hadley;Maciel;60131-230;1;51487420356
Kevin;Muniz;58992-967;2;21402874235
Aquila;Azevedo;38610232;1;31246557634
Harrison;Silva;51568-296;2;25972647463
Burton;de Fatima;52257-212;2;40175108332
Serina;Campos;74781-872;2;75814622789
Dahlia;de Almeida;16075-634;2;65238190748
Kimberley;Bueno;38307688;1;38284747533
George;Guedes;12570-212;1;24384719364
Arthur;de Oliveira;67582-917;1;98724771936
Ori;Coelho;67304-198;2;63720247779
Sara;Sántos;65873-533;2;45881724973
Hayes;Cruz;58953-042;1;84778710501
Oren;Gonçalves;58571-881;2;23372656723
Anjolie;Antunes;53787-347;1;44567688536
Winifred;Nunes;34051457;1;25111082026
Dalton;Souza;31003820;1;83414767532
Chadwick;Dias;94613-335;1;56650122267
Alexis;de Abreu;65750-284;2;76140218485
Kelsey;de Matos;17442-148;2;56251713322
Colt;Trindade;54116-834;2;70776679372
Tatum;Santiago;11671-612;1;22352103969
Lani;Souza;32231056;2;12828676992
Victoria;de Santana;15986-647;2;50563263944
Rooney;Barboza;66033-311;2;48781777872
Nyssa;Batista;60103-371;1;27873153558
Andrew;Inacio;44538-831;2;84112589655
Velma;Siqueira;23274-337;2;25274221592
Moses;de Abreu;22835-574;1;78381641374
Blake;Correa;60746-043;1;84667388355
Leslie;Guimaraes;89824-761;1;83298211138
Margaret;Bueno;89449-253;1;16455797324
Hyacinth;Ribeiro;31353707;1;63919564511
Yolanda;Barros;31635871;1;15791058354
Bryar;Neves;73757-742;2;55988727418
Jael;Nonato;53430-143;1;26515611711
Bryar;Bento;55066-445;1;57123811723
Christian;Miranda;66211-526;1;44698511857
Norman;Barreto;32147193;1;8706548145
Sade;Das Dores;67058-462;2;16325815761
Nathaniel;Aparecido;58240-781;1;18260833345
Sarah;Pereira;65463-432;1;71056397264
Pamela;Peixoto;88856-535;1;27447489488
Jonah;Sales;67577-243;1;65548710710
Devin;Paulino;17648-312;1;73834140684
Jesse;Fernandes;63627-652;2;64713476828
Anthony;de Azevedo;27320-253;2;66834981575
Prescott;Teles;89683-186;1;41787654287
Cheyenne;Das Chagas;62481-321;2;88748565535
Zia;Barros;67234-860;2;52427137443
Virginia;Carneiro;26386-181;1;23212980486
Lucian;Caetano;56198-518;2;69728658571
Jason;Abreu;85223-591;1;46613242516
Candace;Freire;36738942;2;86271688857
Mariko;Trindade;15421-475;2;38486875659
Daphne;Sántos;98380-664;2;26288981843
Bertha;da Rosa;65371-873;2;9186683985
Hilary;Duarte;47340-683;2;98507902045
Merrill;Ferraz;93745-695;2;28268301557
Marsden;Firmino;28032-194;1;11513565035
Ayanna;da Silva;73793-439;1;18195647819
Sylvia;Barreto;55892-531;2;36326585586
Ulric;de Assis;38671664;2;29012692478
Brett;Medeiros;23121-114;2;63224709532
Bernard;Siqueira;84877-551;1;29769106306
Molly;Castro;96476-741;2;86351357428
Margaret;Sampaio;66474-677;2;88233574527
Jolene;Araujo;39653567;1;56872268985
Kamal;Coutinho;68829-820;2;91141142971
Ishmael;Nascimento;45605-505;2;68366546332
Teagan;Muniz;74726-036;1;61408975274
Amal;Martins;18941-535;2;47394060517
Bradley;Moreira;58221-597;1;37512914615
Ramona;Macedo;58087-656;2;23817551310
Carla;de Lourdes;45844-766;2;15426270683
Herrod;Pereira;31270853;1;76332388513
Jonah;de Sousa;62163-432;2;85689962174
Eugenia;Carneiro;67435-044;1;37265166647
Jarrod;Freitas;99139-172;2;67157863668
Raja;Soares;61141-302;2;53359525463
Dora;Sampaio;76790-515;1;25062429319
Rana;Das Dores;61434-808;2;82089533213
Neville;Borges;93301-037;2;37364462445
Kane;Cavalcante;88892-857;2;58758262382
Kennedy;Torres;58632-525;1;18751736476
Rina;Braz;96663-268;2;28223143333
Dieter;Franco;46824-524;1;28458637638
Mercedes;Nunes;96673-628;1;43672437157
Gary;Cavalcante;52437-927;1;81897338938
Joelle;Cunha;85325-665;2;37165523741
Reed;Custodio;26677-533;1;28312284255
Leila;Correia;82847-132;2;65328937659
John;Fonseca;46841-133;2;49591715441
Kadeem;de Azevedo;95141-934;1;55827561485
Channing;da Rocha;52354-351;2;91942452855
Lucas;Siqueira;37882657;1;50285512184
Leandra;Costa;67410-020;2;65746228625
Wallace;Matos;83145-895;2;22924172414
Elijah;Cavalcante;96015-403;2;52615758664
Chancellor;Chagas;46364-746;1;31846871826
Noelle;de Oliveira;43327-270;1;51328225656
Adena;de Moura;65612-758;1;34116543613
Abraham;Peixoto;65936-743;1;49333577932
Damon;do Nascimento;58822-876;1;75670578155
Melvin;Abreu;31329615;1;59081245077
Abigail;Vaz;88712-978;2;68432691562
Tasha;da Silva;74771-583;1;11210831768
Stuart;Bezerra;27634-308;2;89316888747
Cullen;Garcia;65667-303;1;51437576531
Jena;Leite;24629-690;2;52124815732
Courtney;Moura;51448-531;1;21279362788
Derek;Barros;14587-228;2;55615154428
Kitra;Queiroz;82553-898;1;75872586127
Nevada;Oliveira;95986-229;2;87766638911
Cooper;Lemos;66284-930;1;15216493503
Channing;Barros;67082-038;1;75840795166
Cassidy;Caetano;65780-122;1;6823345858
Colin;Mota;67417-509;2;32489785672
Alice;Matos;53089-232;1;88336885826
Illana;Faria;83001-411;2;38161191061
Leslie;Candido;15425-817;2;38291989349
Carson;Mendonca;18719-116;2;11223656317
Jonas;Miranda;33583790;2;81425177814
Cullen;Dantas;54792-524;2;8383702983
Dieter;Candido;52158-281;2;98516302553
Sarah;Antunes;84752-272;1;34143325949
Erich;Simoes;53546-828;1;60833353911
Ursa;de Santana;74737-957;2;74655695335
Harper;de Oliveira;83135-170;1;52383015824
Uta;Bezerra;20981-211;1;41158221593
Halla;Chagas;44907-174;2;55282103585
Eugenia;Rocha;65768-287;1;26595222572
Farrah;Paulino;89181-658;1;6176235338
Lawrence;Franca;24163-747;2;45445756099
Maggie;Guedes;58400-871;2;56677233054
Donna;Macedo;92434-331;1;86821304899
Abigail;Franca;31930875;1;13527267375
Sandra;de Fatima;86052-748;1;4350195272
Finn;Moura;17148-862;1;33941154536
Jelani;Morais;84832-910;2;67663794365
Ulla;Moura;58117-737;2;40748555384
Chanda;Nonato;89878-681;1;43687088876
Chaney;de Azevedo;21486-075;2;85475534202
Lana;Sántos;14774-376;2;63255545257
Lydia;Santana;62596-168;2;34715663666
Jessica;Morais;54872-439;2;54544450151
Tyler;de Freitas;95743-011;1;95623464932
Chiquita;Amorim;18493-921;1;8136852653
Drake;Bento;92594-373;1;82838321215
Neve;de Moraes;14400-126;2;73603130185
Lucy;Lima;36638061;2;73807347203
Savannah;Pacheco;39614475;2;72569515735
Hiroko;Guimaraes;88381-474;2;35376464673
Boris;Candido;67870-838;1;67361854075
Hedy;Barros;32712283;2;48544344902
Liberty;Das Dores;13639-679;2;1356825498
Cade;Firmino;68095-215;2;17671147618
Brielle;Correia;65797-617;1;45579656984
India;Dutra;80727-216;2;81171726588
Benjamin;Mendes;22564-739;2;46665311260
Macaulay;Freitas;63523-536;1;64389525586
Raya;da Cruz;54324-586;2;69758732401
Mollie;Figueiredo;17377-475;2;46568368047
Jocelyn;Azevedo;54314-164;1;80282587575
Abbot;Lemos;95036-032;1;79291444127
Sawyer;Batista;23484-762;2;85564213176
Mira;Freire;99682-712;1;56632939586
Signe;Cavalcante;58344-108;2;48561782966
Logan;de Morais;37627362;1;3261659284
Mollie;Marques;65362-338;2;77666237442
Ayanna;Guimaraes;11555-852;2;34165462567
Jescie;Das Neves;61678-623;1;74154566825
Jordan;dos Santos;28367-111;2;86165463748
Timon;Peixoto;23236-392;2;77283491866
Colleen;da Silveira;45273-563;1;84569773678
Omar;de Oliveira;58636-737;2;56821653785
Noelle;Reis;65266-812;1;56557506713
Tate;Inacio;22905-167;1;21718319690
Trevor;Sales;65430-545;2;19931972863
Lael;de Matos;26767-569;2;70733267536
Tallulah;Paulino;66317-381;1;33735241131
Yetta;Ramos;67176-644;1;11984563989
Tasha;Sampaio;88735-330;1;43961244855
Akeem;da Rosa;65378-528;1;83073152614
Dylan;Vasconcelos;13273-538;1;59054100664
Keelie;Araujo;41881-685;1;31555365761
Garrett;de Azevedo;67364-177;2;77321870835
Shelby;Campos;91233-298;1;59971934264
Neville;de Freitas;86253-477;2;3275758028
Herman;Ribeiro;58489-349;1;88442563943
Mercedes;Santana;42439-662;1;17320811628
Joy;Sousa;83456-518;1;36641436752
Merritt;Coelho;34741233;1;13133683781
Amena;da Rocha;75752-435;2;32625362753
Craig;Carneiro;17837-177;1;53181785727
Brynne;Mendes;75718-877;2;23586741969
Wade;Duarte;54841-403;1;57864412868
Regina;Messias;56161-446;2;77758038346
Ian;de Abreu;67640-673;2;13726341437
Yolanda;de Lourdes;65710-843;1;51662545668
Mufutau;Pereira;24717-857;1;68271632428
Hadley;Menezes;25292-018;1;85700514368
Teagan;de Moraes;65274-348;1;56982114930
Chava;Domingos;61538-647;2;89131160676
Aristotle;Simoes;32298625;2;6534478429
Amity;Domingues;22250-327;1;27137651430
Charissa;Lemos;88395-140;2;78977862475
Nicholas;Nonato;68627-772;2;25907835578
Cathleen;Rezende;65478-753;2;38165940273
Sybill;Campos;62537-166;1;85341268414
Kaseem;Brito;16784-285;2;74523747123
Adria;Pires;53670-139;2;99374321954
Daquan;Borges;18634-621;1;37753272164
Skyler;Leite;93848-444;2;29478643947
Dora;Matos;58202-036;1;71844684103
Prescott;Lopes;89637-574;1;7428858183
Alika;Machado;58860-336;1;11675122453
Clare;da Silveira;75781-525;1;45163228186
Bert;Cavalcante;61124-664;1;83879953986
Miriam;Rodrigues;38886643;1;15589064837
Gail;de Moura;23524-885;1;56145322274
Abbot;Paulino;58351-675;2;23329753422
Wade;Henrique;24486-777;2;68650131497
Emily;Ribeiro;60145-557;1;74184030611
Joshua;Batista;30946744;2;37183227814
TaShya;Ramos;31773599;1;69757523910
Wilma;Sántos;67013-355;1;65714536523
Drew;Das Gracas;83151-665;1;10294417781
Phillip;Bento;73772-431;1;37386243619
Odysseus;dos Santos;54365-689;1;63834787106
Stewart;Firmino;62215-787;1;66688444855
Martina;Torres;88264-443;1;21598105785
Odessa;Rezende;91635-231;2;16445199461
Akeem;Barros;37282238;1;1874622044
Yoshio;Marinho;89365-546;1;14961234258
Ali;Ferreira;12942-781;1;21731711411
Rhiannon;Moura;26611-237;1;14517456610
Carol;Borges;60644-141;1;68522674274
Hedwig;Magalhaes;67288-128;2;36766165475
Cole;Dantas;58263-168;2;97667574545
Timon;Santana;65522-531;1;16992377824
Russell;Ferraz;19231-854;2;18387589080
Abigail;Ferraz;53854-844;1;52777776954
Julie;de Moraes;35638493;1;1919934294
Sylvester;de Carvalho;90370-027;2;63552335521
Drew;da Conceiçao;25082-322;2;67686282823
Jayme;Trindade;75722-564;2;75966347832
Jerome;da Cruz;65130-356;1;92928473234
Arden;Moraes;67666-491;2;22491364127
Nathan;Menezes;62843-918;2;58429790551
Aristotle;Bezerra;60728-487;1;53275157027
Ivan;de Azevedo;76730-412;2;15141383385
Dalton;Freitas;60893-312;2;43304787777
Geraldine;de Lima;89264-688;2;11824338576
Colin;Leal;56331-505;1;43464733353
Desirae;Guedes;83211-449;1;6231555837
Vera;Gonçalves;48261-121;2;48245638569
Howard;Das Chagas;65849-423;2;61582176512
Camille;Muniz;46924-593;2;47092135740
Jared;Pinto;65352-208;2;24228202723
Beatrice;Viana;21738-047;1;24702140919
Camille;de Campos;18726-012;2;39672779346
Quynn;Braga;66540-720;1;72792128475
Selma;de Moraes;74768-815;1;21533237181
Dalton;Felix;33527035;2;66685128526
Jolie;Rosa;54232-513;1;73219831160
Kirestin;de Paula;58555-325;2;36832378860
Tasha;Melo;75765-430;1;11122957313
Aspen;Mota;18147-748;1;18383780436
Carlos;Miranda;31798744;2;44276274618
Georgia;Peixoto;86687-537;2;31660883672
Ivor;Messias;62472-838;1;68535638292
Ulysses;Azevedo;61695-701;2;29601778694
Simon;Galdino;52413-676;1;64519923848
Ramona;de Morais;65346-164;2;67366083896
Jillian;Freire;12885-951;1;14459430412
Ina;de Lourdes;81312-146;1;22766559651
Jelani;Soares;58227-214;1;12365515222
Bo;Pires;67593-033;1;75574485781
Camden;Nogueira;80636-675;2;72476157141
Clayton;da Cruz;80469-555;2;14778651035
Christopher;Cruz;81274-361;2;74314645811
Luke;Machado;67066-348;1;5643274373
Erich;Nascimento;55197-629;2;87647383775
Ina;Reis;74766-501;1;82733848432
Leslie;Lemos;20583-671;1;97273257775
Michael;de Fatima;27889-963;2;17002693652
Dean;Mariano;95880-223;1;43245235581
Serena;Moraes;65177-284;2;27642598337
Axel;Fagundes;96726-671;1;76984118814
Len;Nonato;84640-213;2;80199932518
Linus;Nonato;89322-775;1;88678884709
Ferdinand;de Azevedo;66370-374;2;32393194135
Hammett;Borges;60520-732;1;17781671027
Lillith;Neves;85186-276;2;61812598813
Noble;Melo;89431-477;1;53334011058
Stephen;Camargo;60218-064;1;41164938463
Marshall;da Costa;88798-423;2;34423724836
Iona;Alves;56656-606;1;25706686615
Brian;Medeiros;22530-139;2;72633717231
Daquan;Mota;58231-878;2;94210306810
Avram;Campos;89233-175;1;87488443118
Xenos;Martins;61516-874;2;87687295249
Vincent;Das Neves;67630-017;1;42708623845
Steel;Maciel;65126-116;2;71265561455
Ralph;Nascimento;91502-314;1;77490416776
Cora;de Carvalho;21754-137;2;35277026083
Ruth;Chagas;93626-103;2;46459953558
Indira;Domingos;75756-532;1;53742425067
Rafael;Marques;37857894;1;23751657207
Melodie;Cabral;32480342;1;27777656723
Brock;Amaral;90188-839;1;14148925221
Abbot;Pinto;17791-745;2;60748258075
Signe;Rocha;88736-209;1;63102630745
Walker;Paiva;19517-122;1;73345460258
Nomlanga;Leite;89834-628;1;27456811421
Dahlia;Morais;61630-703;1;12956998863
Zeus;dos Reis;23419-663;1;42572558938
Lois;de Castro;58553-731;2;55064968181
Drake;Pereira;25361-996;1;47833705158
September;Amaral;91658-927;2;36621137778
Aurora;Carneiro;73756-262;2;42354181832
Rina;Oliveira;65435-020;1;13187505398
Valentine;Santos;17773-811;1;89996107549
Dean;Bueno;93549-808;1;73865194336
Larissa;Andrade;58341-932;1;54304861873
Shay;Domingues;67240-533;2;5275066446
Neve;Messias;61473-085;2;6473897131
Shana;da Cunha;81269-379;1;11691308521
Julie;Felix;17707-444;2;69319728416
Audra;Faria;48731-748;1;45223471961
Rhona;Sántos;66044-538;1;21975564525
Graiden;de Paula;65052-306;1;6878240171
Hiram;Henrique;52044-474;1;33171143745
Tatiana;Farias;34727163;2;42820713405
Cyrus;Garcia;68371-484;1;46453776794
Rae;Das Dores;55114-710;2;91020437116
Reese;Vaz;67717-335;1;44408462995
Silas;Fagundes;23138-498;2;88525855665
Germane;Sales;31587978;1;7902072310
Diana;Guedes;75777-565;2;95669376682
Mary;da Luz;68727-797;2;65586339843
Ali;Azevedo;66731-295;1;64528873343
Brooke;Melo;97472-820;2;11085276648
Nissim;Mendonca;58787-591;2;37411241485
Harding;Matos;88547-628;2;6856758700
Anne;Coutinho;67452-325;1;52648816986
Knox;Torres;36556339;2;26578212683
Mollie;Brandao;65864-032;2;84086535471
Clinton;de Paula;62338-642;1;16082110605
Tobias;Silva;75734-585;1;12985467882
Hanae;Paulino;65393-068;1;82727440514
Stephen;Cordeiro;98233-214;2;75827668774
Kenyon;Andrade;63844-942;1;22131164838
Finn;Braga;81187-514;1;57766626982
Lucy;Inacio;43381-821;1;49625714224
Damon;Tavares;56198-199;2;5466721639
Charles;Sales;30841842;2;27381548582
Peter;Chagas;89953-234;2;77260612126
Shana;Caetano;93226-464;2;11601561294
Bevis;Mendes;86422-886;2;36576582126
Odette;Caetano;81112-814;2;75085275198
Janna;de Assis;75721-347;2;75107180274
Dominique;Correia;54114-188;1;15828827884
Zephania;de Moura;43684-164;2;85802864272
Wylie;de Carvalho;74757-058;2;55642746613
Norman;Das Neves;66653-852;2;57526186622
Reece;Almeida;65332-503;2;46748905488
Adam;Freitas;53945-191;1;47774635344
Petra;Peixoto;52226-831;2;92101289405
Malik;Faria;37028350;2;17539335311
Fleur;Macedo;58817-922;2;32437567512
Daryl;de Matos;67247-469;2;38715183584
Emery;Cordeiro;89345-362;1;17347656685
Aquila;Santana;53146-519;1;87137767525
